#{"t_start": 1762241371.858699, "env_id": "None"}
r,l,t
-217.23166,67,0.50984
-459.435,74,0.51221
-58.8218,78,0.513651
-505.89014,83,0.515327
-376.5649,84,0.515793
-375.88092,125,0.52836
-324.3507,128,0.529518
-513.86566,85,0.537248
-498.42606,84,0.540384
-557.1872,164,0.541182
-379.05188,101,0.544604
-256.31567,97,0.546913
-360.4272,118,0.553586
-228.5878,92,0.559499
-545.66003,101,0.57014
-429.53296,135,0.580505
-279.42194,89,0.584609
-315.3853,104,0.58608
-456.7531,119,0.5902
-311.9341,104,0.591585
-700.46814,137,0.607267
-430.07382,85,0.610787
-323.33688,96,0.613123
-316.94543,93,0.614906
-559.7462,94,0.620543
-162.83159,118,0.626766
-652.8024,181,0.627575
-500.1469,158,0.630733
-54.632248,91,0.636237
-519.94183,97,0.643403
-378.04514,93,0.643845
-382.05917,112,0.646132
-249.62863,69,0.651983
-474.695,105,0.65333
-417.16934,119,0.663686
-494.79037,141,0.670939
-344.4418,100,0.674804
-308.9693,131,0.676753
-381.82086,93,0.68196
-636.97534,133,0.684863
-636.0279,141,0.689713
-347.60596,126,0.6911
-449.27118,96,0.693587
-418.5177,77,0.698782
-406.2045,82,0.702236
-327.94427,110,0.705703
-217.3482,89,0.710164
-379.4052,92,0.719881
-612.88617,117,0.721554
-480.57693,102,0.725435
-372.04025,76,0.729137
-269.80933,96,0.732219
-419.54007,148,0.735995
-308.4989,125,0.738312
-204.57126,90,0.738319
-410.7679,83,0.751036
-451.37933,114,0.756549
-385.9655,123,0.757957
-500.7335,81,0.762728
-499.4158,106,0.764944
-118.49418,99,0.766797
-654.7502,128,0.769002
-123.06417,105,0.770706
-209.40286,89,0.785468
-462.9286,93,0.793524
-226.69049,92,0.796968
-586.30005,116,0.798604
-617.1284,153,0.803734
-569.61694,174,0.804838
-565.5073,139,0.809398
-133.70091,83,0.811097
-539.448,164,0.820703
-581.5154,108,0.827036
-560.4453,103,0.836465
-521.40027,96,0.838972
-590.8384,137,0.840898
-321.9138,103,0.842782
-602.6664,149,0.84337
-581.5692,152,0.851314
-562.1067,104,0.853563
-511.73993,98,0.867345
-626.3094,94,0.872611
-627.19794,155,0.875592
-449.69833,109,0.877283
-263.45422,125,0.880461
-553.66705,98,0.882155
-557.0419,149,0.886235
-591.6643,138,0.896591
-120.25343,84,0.899207
-182.3879,79,0.905134
-552.74194,78,0.910392
-397.36554,113,0.911196
-612.0097,144,0.912869
-508.9102,81,0.922209
-420.7824,139,0.925898
-384.24902,154,0.925907
-158.87604,86,0.926742
-361.49246,72,0.933594
-545.0697,103,0.945295
-301.78012,125,0.95074
-272.28568,85,0.953317
-80.35643,91,0.954763
-543.73083,127,0.962252
-623.576,204,0.969722
-591.7924,121,0.971721
-42.972885,102,0.97762
-586.23816,185,0.984068
-466.41837,99,0.993184
-49.121655,129,0.993689
-446.50632,89,0.99739
-553.385,156,0.999757
-334.15942,97,1.001979
-364.0751,87,1.010883
-469.3274,91,1.021363
-957.089,222,1.023307
-518.4334,89,1.026647
-553.5099,167,1.029062
-564.876,103,1.02907
-505.36697,128,1.032769
-311.8185,131,1.04189
-177.40425,116,1.046545
-427.08572,84,1.052726
-438.95676,108,1.056892
-86.80307,96,1.058975
-164.48521,122,1.059795
-548.46265,91,1.06142
-256.25507,124,1.067927
-498.9424,82,1.072504
-451.04608,132,1.083321
-361.98883,92,1.085876
-77.60832,99,1.090006
-510.95425,96,1.091339
-380.80096,163,1.103812
-587.1207,161,1.109715
-646.9903,124,1.111142
-337.10828,76,1.115009
-369.28107,105,1.116455
-646.5524,157,1.117259
-435.2729,100,1.117715
-430.15646,93,1.119689
-503.78467,86,1.131302
-85.54776,107,4.668034
-296.60028,120,4.673489
-209.11478,142,4.675551
-371.32202,84,4.677308
-136.33464,152,4.677845
-124.89055,135,4.681697
-685.2229,151,4.684884
-224.49533,173,4.691445
-147.37097,113,4.712399
-303.6833,102,4.716215
-417.79684,129,4.717894
-177.65192,93,4.720163
-638.6113,187,4.726911
-656.6514,156,4.730144
-560.29083,187,4.732431
-61.973415,94,4.741937
-208.46667,107,4.751027
-555.39246,248,4.753061
-282.06372,88,4.754423
-538.90405,131,4.757261
-628.61664,132,4.761431
-36.164787,100,4.761438
-98.5816,103,4.764598
-313.44495,97,4.772258
-326.93854,119,4.789491
-620.8795,109,4.790569
-270.90167,102,4.792532
-272.115,105,4.796574
-333.23248,142,4.798214
-463.8227,157,4.799917
-194.9661,97,4.802273
-126.41845,187,4.818911
-315.91162,108,4.82328
-515.7489,95,4.827605
-434.30756,115,4.828371
-119.63959,129,4.831115
-508.98337,118,4.833632
-416.53116,150,4.846285
-278.1411,90,4.851266
-63.94459,93,4.856626
-466.15454,106,4.866137
-174.1069,116,4.866908
-504.15228,167,4.871263
-503.64218,225,4.872375
-241.10526,145,4.874105
-173.6571,104,4.879314
-447.36554,103,4.889231
-584.25507,110,4.901237
-119.44104,97,4.90211
-7.2732773,95,4.90262
-593.0447,166,4.904352
-295.59045,102,4.911811
-443.09473,124,4.913591
-341.00745,79,4.914987
-425.44992,152,4.91609
-238.99222,104,4.935658
-484.01016,113,4.940146
-89.7255,82,4.9419
-330.39322,127,4.942368
-414.16006,136,4.945885
-243.79092,134,4.95459
-511.99597,145,4.96083
-365.86148,177,4.969431
-254.46191,91,4.971136
-52.95588,92,4.971142
-510.60815,115,4.97667
-281.44763,176,4.991186
-570.8351,126,4.994149
-448.661,134,5.002729
-587.4496,192,5.006038
-69.06006,97,5.007237
-450.05185,125,5.010336
-160.93388,87,5.018781
-207.83588,96,5.024423
-609.65674,183,5.027344
-621.925,188,5.030325
-301.76373,109,5.040697
-414.5496,111,5.042405
-10.63546,105,5.043828
-126.14692,93,5.048571
-78.63683,157,5.052945
-420.77,104,5.062999
-396.59302,134,5.069539
-131.53175,100,5.073627
-369.09116,82,5.074083
-442.81903,116,5.079892
-398.00226,142,5.08512
-622.3901,117,5.089168
-240.92276,218,5.092861
-339.01685,102,5.094816
-441.59988,82,5.099459
-177.38338,101,5.101153
-420.4895,87,5.106924
-150.5333,85,5.1155
-290.36676,116,5.121157
-199.51038,90,5.122845
-461.39206,104,5.125601
-62.889942,113,5.136414
-384.07938,204,5.137666
-504.92392,121,5.137675
-18.382965,101,5.139041
-433.64862,86,5.152312
-305.39148,109,5.155524
-204.11508,84,5.163505
-421.54874,90,5.164575
-257.4436,142,5.167544
-125.24386,175,5.170818
-424.1728,118,5.174606
-268.68463,119,5.176274
-206.22179,108,5.186402
-124.0663,82,5.190561
-553.00256,109,5.201482
-405.22125,113,5.205811
-246.94568,136,5.206275
-712.77997,166,5.207663
-179.29196,156,5.222626
-635.66174,165,5.226998
-194.90048,138,5.228956
-458.73715,89,5.233335
-371.7109,153,5.237694
-480.98465,123,5.239772
-493.55054,123,5.245589
-546.70154,149,5.252379
-333.60388,101,5.254371
-430.17273,112,5.262094
-376.37674,80,5.26466
-550.64453,119,5.266371
-263.11935,120,5.270982
-226.87363,118,5.274842
-513.158,105,5.285143
-89.801735,81,5.290103
-392.82278,108,5.296
-299.0252,143,5.299272
-236.26425,175,5.300757
-185.5409,132,8.604045
-60.969406,119,8.604886
-481.11505,120,8.608853
-271.56586,98,8.612708
-231.01736,94,8.616303
-50.22997,98,8.626633
-95.28643,111,8.627835
-67.493805,84,8.631668
-99.00311,122,8.635934
-110.37444,124,8.648266
12.043488,125,8.655719
-360.8591,147,8.65915
-173.7142,110,8.661448
-546.2385,104,8.668331
-94.40401,117,8.668339
-243.6397,150,8.674652
-411.55563,107,8.681503
-296.80005,264,8.687151
-128.84935,115,8.697914
-25.717896,139,8.704169
-167.4598,115,8.705927
-255.79597,167,8.710459
-475.89438,112,8.712558
-249.45467,103,8.717021
-30.443878,151,8.718958
-62.706867,97,8.721389
-110.606,90,8.735635
-310.9146,89,8.73723
-22.333778,116,8.739106
-210.6388,96,8.747799
-4.147522,106,8.749831
-33.554024,86,8.751291
-300.31616,95,8.752647
-340.8872,111,8.777274
-464.54303,136,8.782581
-190.8121,106,8.783976
-473.78513,145,8.788005
-793.8969,191,8.788026
-310.47446,112,8.788033
-163.58234,186,8.808095
-341.16443,94,8.816877
-407.45935,95,8.817348
-504.80545,122,8.822645
-445.0859,230,8.825968
-2.7299728,130,8.828675
-333.98676,162,8.829811
-30.583946,169,8.837127
-224.89575,87,8.845319
-344.98367,120,8.846803
-303.24194,86,8.856024
-236.85413,97,8.860585
-137.4956,139,8.86739
-46.504253,131,8.868187
-243.60043,173,8.872603
-315.77795,88,8.874806
-223.97012,120,8.883361
-93.58096,108,8.890224
-187.78215,121,8.898554
-309.64056,117,8.90453
-300.76694,110,8.908917
-422.95993,122,8.910608
-259.82315,104,8.915827
-448.1584,254,8.917297
-82.07892,82,8.935755
-483.26343,111,8.939011
-317.847,100,8.940123
-76.87279,108,8.950559
-681.7038,201,8.952828
-537.7788,282,8.955409
-314.5284,139,8.959174
-349.34183,92,8.967751
-130.81706,118,8.972761
-405.2037,144,8.984744
-239.71559,111,8.985233
-340.90063,280,8.986015
-23.267265,121,8.997092
-287.7149,138,8.998783
-275.80997,107,9.001533
-278.74866,106,9.006126
-212.94958,180,9.009197
-33.367958,101,9.016878
-155.6167,120,9.022402
-193.22568,83,9.027207
-360.128,108,9.032338
-309.58197,113,9.032345
-16.494926,95,9.035796
-286.43182,89,9.037306
-380.91174,171,9.039891
-162.62717,112,9.051776
-327.29327,100,9.053726
-209.73996,118,9.063774
-182.18103,105,9.06488
-186.7417,134,9.073869
-235.72484,126,9.074941
-262.9145,124,9.078104
-332.01028,118,9.090163
-433.3775,185,9.094236
-295.2414,121,9.112087
-36.310707,156,9.112093
-524.9103,179,9.120009
-133.00084,95,9.123608
-115.44324,233,9.124117
-46.59696,161,9.127955
-89.680435,141,9.134052
-253.82758,211,9.139362
-204.63893,101,9.14378
-318.62903,125,9.1511
-385.13895,105,9.15307
-280.90628,88,9.155346
-181.45566,102,9.155787
-18.424896,109,9.158347
-196.48856,114,9.169488
-190.7059,113,9.174457
-163.66022,101,9.175245
-191.13219,92,9.184202
-437.75995,115,9.187147
-375.79657,125,9.196724
-167.26358,148,9.199147
-190.01102,98,9.200317
-277.26245,89,9.202717
-309.83044,216,9.222491
-285.14874,124,9.223006
-305.48062,120,9.224733
-82.034676,98,9.227964
-121.67298,171,9.229082
-378.70663,93,9.232024
-235.44716,108,9.233654
-223.24046,121,9.238539
-282.0366,87,9.250477
-335.826,86,12.523953
-66.29717,121,12.529032
-643.8767,133,12.534652
-464.38013,154,12.544222
-23.481873,125,12.546097
-167.48059,146,12.546115
2.236206,231,12.574145
-509.28918,156,12.578459
-92.07585,173,12.57898
-65.76906,210,12.585484
-161.70044,126,12.586279
-316.16122,170,12.589185
-204.1996,150,12.592678
-42.091988,80,12.604326
-180.29022,112,12.609865
-246.7224,119,12.616105
-131.59973,234,12.619852
-311.1239,119,12.629345
-43.11321,105,12.636783
-159.71902,173,12.640095
-351.81586,193,12.645704
-23.15599,98,12.650632
-499.36932,152,12.657466
-310.84943,233,12.661883
-192.1261,161,12.666681
-213.83401,130,12.677543
-135.26053,131,12.681066
-456.16156,180,12.685666
-54.77385,101,12.688925
-462.7644,135,12.692832
-75.07979,162,12.711979
-371.9608,231,12.71791
-457.75372,171,12.719937
-35.438553,137,12.720743
-81.977234,137,12.724221
-168.93906,127,12.732544
-503.24835,146,12.734903
-515.6712,183,12.743144
-249.60892,105,12.745368
-193.32037,94,12.747948
-80.26306,88,12.747954
-180.38899,123,12.762882
-518.54407,155,12.769481
-460.49872,137,12.777892
-463.51776,153,12.780917
-224.50668,106,12.78143
-203.40915,116,12.782541
-50.457153,132,12.789691
-240.47995,93,12.792611
-83.46111,93,12.7993
-227.52563,108,12.815091
-133.69632,128,12.82103
-383.34732,98,12.82309
-334.43802,255,12.823905
-302.3017,150,12.825533
-221.8428,149,12.845396
-178.28683,81,12.846548
-245.17412,220,12.851172
-163.34927,116,12.851638
-143.53244,215,12.857073
-74.96048,116,12.860359
-329.4751,121,12.861381
-143.25592,107,12.883808
-123.68139,116,12.887035
-227.26944,204,12.888437
-403.03976,143,12.889842
-58.996235,149,12.892766
-266.54956,138,12.899616
-116.79753,132,12.901944
-88.71905,141,12.903946
-176.983,98,12.914855
-172.8132,97,12.920178
-146.64728,110,12.921837
-489.32678,141,12.932492
-45.440983,118,12.936335
-107.98203,125,12.941059
-59.095264,89,12.948324
-53.192078,153,12.951937
-65.74197,118,12.952407
-158.5902,105,12.955345
-296.87158,201,12.956464
-155.63644,107,12.974576
-243.15413,145,12.978314
-172.13934,98,12.979075
-350.69104,103,12.984188
-86.74199,153,12.984976
-339.23425,113,12.987768
-179.3951,133,12.996696
-208.56616,134,12.998085
-351.1738,111,13.009193
-56.130165,144,13.022821
-49.286404,146,13.024248
-237.57904,133,13.028695
-179.13579,107,13.029766
-353.69385,156,13.032706
-55.15487,84,13.035553
-467.78036,199,13.046478
-58.702408,105,13.05567
-177.18182,100,13.059706
-111.60539,122,13.062317
-247.73499,210,13.063098
-202.89983,114,13.065303
-339.54193,89,13.074215
-36.882175,135,13.074705
-465.26205,134,13.077315
-276.82108,98,13.095364
-228.06355,151,13.106335
-95.08258,180,13.111455
-203.62784,117,13.113207
-66.95692,167,13.114293
-468.43994,180,13.118992
-256.67834,182,13.130924
-323.58246,95,13.141107
-25.113396,93,13.142317
-118.5931,220,13.142802
13.849411,116,13.143285
-168.55905,108,13.14827
-201.54947,109,13.153075
-60.28737,79,16.47341
-368.7202,257,16.481923
-62.54667,107,16.487758
-267.51468,130,16.490318
-345.20105,132,16.490327
-507.04242,143,16.492902
-104.166664,214,16.50454
-146.54584,103,16.506289
-241.52452,202,16.522251
-185.43274,108,16.523641
-83.251656,117,16.526633
-76.9994,84,16.532273
-320.00378,146,16.538
-492.69418,183,16.53938
-262.41824,143,16.549199
-133.16245,202,16.551452
-62.177998,107,16.572857
5.218704,138,16.581362
-322.17026,189,16.585864
-353.17365,226,16.593527
-113.60819,199,16.594943
-287.98816,252,16.603241
-63.952793,171,16.603251
-256.58087,168,16.604276
-53.635796,68,16.615948
-61.779034,157,16.622152
-67.94066,124,16.631875
-179.22452,162,16.636242
-57.992207,113,16.638016
-31.1903,133,16.656709
-260.46466,182,16.659934
-408.78384,302,16.674928
-69.294106,154,16.679393
-51.041473,264,16.684375
-273.9145,108,16.693616
-435.4058,221,16.704603
-20.185692,171,16.710018
-289.98938,287,16.711111
-214.3453,133,16.716652
-106.31935,99,16.724326
-61.473343,142,16.728806
-0.08248901,172,16.733248
-62.166878,96,16.74014
-60.888042,334,16.741849
-29.563522,116,16.747489
-294.51834,109,16.762802
-190.42763,222,16.774097
-113.583984,131,16.774105
-228.10062,118,16.777058
-287.766,171,16.794476
-349.84354,266,16.799361
-347.27408,97,16.806584
-186.91843,273,16.809234
-110.47264,131,16.814487
-23.808289,145,16.81888
-204.95428,194,16.823239
-376.21936,244,16.823247
-19.501587,123,16.832878
-44.432785,106,16.847131
-69.677246,96,16.852487
-72.24392,150,16.853294
-267.69492,194,16.859351
-46.628593,96,16.862573
-302.97095,179,16.864792
-223.20782,178,16.873932
-293.72372,169,16.875347
-112.83461,100,16.884125
-357.97397,143,16.891419
-76.86615,98,16.892867
-11.762192,148,16.898514
-117.476585,150,16.911341
-39.647194,174,16.913699
-232.87917,104,16.916866
-321.96387,98,16.922393
-413.53683,161,16.925567
-73.34831,177,16.929393
-135.26314,143,16.937625
-57.561607,160,16.948481
-255.2149,114,16.949309
-188.31915,141,16.955535
-398.01077,128,16.956896
-295.7054,146,16.967757
-99.783005,164,16.980013
-8.901604,161,16.98743
-39.45095,129,16.989219
-149.9699,185,17.005505
-345.09378,166,17.007858
-39.534794,102,17.01175
-336.7074,145,17.012834
-221.35844,298,17.01819
-125.9265,230,17.02683
-39.694515,93,17.239804
-93.74683,72,17.245675
-47.49657,180,17.250505
-237.30464,191,17.252574
-32.635757,125,17.256422
-56.527866,96,17.275672
-314.164,191,17.277702
-235.88588,94,17.28177
-107.321945,168,17.28479
-212.71451,269,17.297273
-46.413666,146,17.301722
-211.10469,206,17.304737
-273.75024,176,17.305812
-203.00476,121,20.683704
-104.34527,125,20.687238
-51.42832,151,20.699565
-103.86668,115,20.712273
-58.84971,127,20.715378
-186.36136,237,20.729737
-105.519424,187,20.731502
-34.98358,135,20.742567
-139.80411,196,20.746518
-226.2355,141,20.76022
-179.70575,103,20.762935
-29.669044,108,20.766317
-99.08289,173,20.768046
-236.73062,260,20.77076
-173.29837,163,20.794802
-4.371643,109,20.795378
-338.48285,142,20.80832
-138.62039,134,20.813351
-205.19197,162,20.819683
-70.76733,261,20.8303
-42.68753,125,20.835179
-43.740147,143,20.841349
-58.06698,110,20.848782
-119.1149,135,20.852143
-78.443085,91,20.8644
-97.71584,166,20.873069
-73.18051,180,20.887857
-10.155037,118,20.889677
-74.51343,184,20.900412
-84.168,162,20.916509
-91.222336,219,20.919301
-54.58712,110,20.925532
-45.708046,96,20.931782
-326.7174,165,20.941616
-131.23727,218,20.943729
-36.978115,154,20.966048
-57.290653,133,20.968121
7.6687775,151,20.979736
50.093365,1000,20.988017
-154.70299,169,20.997838
-56.109753,179,21.002924
-22.544937,83,21.008552
-47.561493,292,21.015132
-221.39444,160,21.019471
-213.62537,170,21.024532
-21.764244,91,21.026889
-202.18106,118,21.040697
-36.250988,157,21.040706
-102.78124,109,21.043686
-359.81607,113,21.051142
19.90451,136,21.062706
-35.90777,125,21.064505
-6.7114105,121,21.06566
-59.043,110,21.085533
96.18185,1000,21.088546
-20.615509,156,21.090019
-61.813988,102,21.097491
-94.75708,208,21.10617
-171.83102,202,21.107238
-136.44778,146,21.108962
-49.87667,96,21.118708
-179.20905,239,21.138648
-45.953583,112,21.143134
-244.65465,178,21.145144
-52.19792,212,21.151821
-97.291115,187,21.155775
-340.5183,160,21.156317
-31.411537,165,21.170135
-24.560776,128,21.179187
-323.69647,253,21.186125
-23.061317,146,21.18951
-6.7818756,110,21.190947
-231.23322,152,21.193511
-164.65073,100,21.210761
-71.53728,216,21.223268
-90.39513,176,21.225398
-37.536015,116,21.225908
-263.50415,236,21.226416
-27.85176,158,21.236139
-65.40632,169,21.244069
-31.42273,96,21.256229
-111.07951,108,21.260418
-59.957287,121,21.264154
-93.018486,198,21.273492
-26.484367,141,21.280696
-16.526321,117,21.281214
-28.531342,119,21.293927
-30.163803,227,21.295738
-53.312996,89,21.30893
-69.33348,152,21.311892
-182.61243,126,21.313256
-30.463188,119,21.318241
-45.375526,96,21.324179
-243.64626,224,21.331164
-70.14718,111,24.58861
-80.46178,110,24.592596
-39.879078,182,24.597793
-74.6766,160,24.61335
-96.25033,157,24.618435
-87.54961,157,24.625375
-73.493774,229,24.629057
-7.5634384,128,24.633285
-46.728695,158,24.647625
-19.942368,132,24.65525
-62.50161,215,24.657053
0.07543945,152,24.666894
-35.882294,170,24.68277
-215.72275,186,24.684505
10.630684,93,24.685015
-29.136475,69,24.689103
-115.91734,162,24.699475
-37.235767,147,24.704014
-111.14304,233,24.707668
-47.844547,144,24.729047
-46.94655,82,24.730238
-5.8457947,165,24.737952
-69.88685,172,24.740081
-61.767597,133,24.750217
30.738314,1000,24.755315
-21.503197,217,24.758714
-29.746513,188,24.760168
1.9621887,107,24.783459
-82.80118,81,24.784867
-188.92982,107,24.788633
-14.678513,202,24.794124
-124.33995,225,24.800464
-197.75648,212,24.804988
-53.276215,151,24.806108
17.321457,124,24.823607
-190.3555,280,24.827801
-21.38581,163,24.839458
-97.947815,156,24.842727
-33.089592,170,24.853279
-41.404053,161,24.856023
-135.9441,198,24.889425
-63.5277,212,24.889968
-170.83951,110,24.890438
-75.34195,175,24.897826
-96.00322,210,24.905769
-39.10232,96,24.92082
-47.752895,230,24.926322
-61.47439,133,24.932346
-93.965096,156,24.940339
-45.61958,165,24.950978
-60.707817,93,24.950987
-97.7111,174,24.961827
-46.47111,162,24.984299
-171.04922,182,24.984801
20.477318,107,24.985313
-10.637199,132,24.993313
-25.166168,173,24.996352
-54.248116,160,25.013242
-9.183838,111,25.020577
14.357971,126,25.026149
-205.21703,115,25.030743
-12.6213455,145,25.032239
-1.8584137,130,25.038572
-110.30083,159,25.063857
-1.0498352,138,25.064395
-24.40268,104,25.064898
-32.368843,89,25.066613
-2.9545288,138,25.070133
-183.51132,151,25.078567
-294.40555,900,25.091193
-24.391197,97,25.097254
-26.183357,1000,25.101645
11.39225,112,25.105527
-78.42749,134,25.1075
-127.223976,200,25.126746
-56.22677,111,25.131514
-50.196182,174,25.132919
-21.242104,241,25.139998
-15.491394,150,25.151486
-9.024124,168,25.153555
-95.51717,208,25.155874
-47.759693,96,25.156993
-2.5000458,165,25.158712
-3.5216904,111,25.174336
-157.61028,166,25.184094
-1.2575455,119,25.188528
-46.31832,192,25.191106
-111.385315,128,25.196412
-101.498695,140,25.199402
-157.7562,105,25.207012
-73.691345,174,25.207825
-41.98982,161,25.208629
-51.034687,143,28.463966
-188.58394,121,28.472246
-108.56682,159,28.473668
26.758377,105,28.476095
-39.611748,168,28.484553
-34.35189,149,28.490541
14.655754,237,28.50088
-14.10215,152,28.512078
-102.56016,240,28.517918
-15.886055,142,28.518717
-95.05719,180,28.529048
9.939865,176,28.531397
-6.7177353,156,28.533727
-29.75946,117,28.537794
28.112564,148,28.558645
3.2637634,143,28.563487
-71.70494,237,28.565252
-51.104527,117,28.568642
-49.836613,165,28.5704
-22.639015,115,28.574812
-39.061207,209,28.595347
-50.020603,201,28.597463
-8.233376,112,28.601122
-84.02224,128,28.604644
-37.703568,171,28.613372
-74.199936,132,28.616619
21.921593,150,28.616626
-10.009117,197,28.632457
11.82103,125,28.635078
-129.99226,123,28.639738
9.305077,97,28.643936
-37.504658,149,28.644739
-39.756878,91,28.645265
-17.53656,176,28.659956
-10.194397,143,28.661422
12.7934265,106,28.66868
-35.257545,115,28.669185
-6.075836,93,28.669695
-44.514168,102,28.677428
-103.434555,139,28.688762
-0.76878357,110,28.695209
-43.22325,122,28.707334
29.566544,122,28.708179
-16.410774,107,28.711547
-15.35009,135,28.712394
-116.18963,219,28.714182
-46.78707,130,28.730236
-21.025787,236,28.736613
-57.785397,188,28.754466
-11.619377,134,28.756178
-20.675003,153,28.756185
3.9802322,94,28.759974
-33.656837,182,28.769111
-68.26596,196,28.770554
-44.422623,187,28.771663
-45.193874,101,28.791715
-0.46809387,115,28.792605
-42.530193,124,28.795574
-13.91787,104,28.804295
-35.838524,259,28.81819
5.330826,172,28.823337
-28.496483,124,28.830845
-98.38747,246,28.832611
4.87397,169,28.84558
-89.92126,253,28.850122
-62.041847,165,28.856018
-21.754456,264,28.877653
-24.009018,156,28.880963
-33.437317,215,28.890286
-21.091637,153,28.893285
-65.5637,221,28.899962
-26.645569,184,28.913664
-20.400574,221,28.919614
-5.1139984,185,28.939651
-1.2453308,168,28.953076
-3.2515945,250,28.957019
-99.75724,219,28.959985
-39.50231,166,28.966548
33.827866,155,28.968882
-61.67112,246,28.971847
-63.910957,118,28.977575
-10.315521,130,29.001534
-88.93518,102,29.004255
-12.951485,187,29.013252
-25.180656,164,29.01903
15.695633,142,29.022972
-210.69537,195,29.031595
-90.23981,231,29.031602
-36.47344,149,29.049539
-53.473858,131,29.055267
4.2745056,200,29.068194
1.4801712,148,29.070265
-80.02414,169,29.073251
-109.57209,169,29.085226
-28.366783,126,29.095398
-41.156754,258,32.519123
-84.9913,221,32.525736
-52.362854,195,32.536343
-27.567848,189,32.536352
-34.48635,196,32.541594
-8.035381,1000,32.542111
-60.707653,152,32.550589
-21.107605,212,32.559312
34.767365,202,32.583507
-55.353268,185,32.584619
-30.009468,168,32.589753
-29.704567,106,32.5925
-15.477928,177,32.593009
-56.583027,144,32.595946
-47.960842,172,32.596746
-39.54436,208,32.608008
-44.63387,129,32.632589
-66.27202,160,32.639624
-30.386246,179,32.640816
21.524155,191,32.643771
-90.30489,167,32.647842
-29.792412,142,32.652339
-61.094013,181,32.653183
13.32399,207,32.657631
2.7437897,114,32.66902
-39.10216,103,32.685239
39.038757,110,32.687021
-3.5837936,150,32.687513
-22.858192,183,32.698589
-27.22818,188,32.703011
-44.652172,141,32.713355
-8.779152,112,32.722204
-65.10341,259,32.729369
18.01297,99,32.734173
6.468727,186,32.743855
-22.420143,284,32.747135
-31.10994,170,32.766646
-8.669083,147,32.775473
18.575996,123,32.782634
-67.75946,163,32.785587
-6.537369,170,32.800767
-113.60677,342,32.806921
-6.774811,102,32.815479
-25.259964,133,32.818529
-58.69771,243,32.844644
-22.964302,131,32.849007
-43.053562,211,32.853688
-13.16581,178,32.858303
-22.541641,180,32.876422
-53.942955,210,32.883424
-29.792595,130,32.887034
-24.782677,165,32.902498
-57.914127,152,32.90744
3.074791,205,32.920008
-12.333366,193,32.938693
-30.688934,172,32.94249
-34.705345,108,32.95492
-49.55591,148,32.955484
-12.909142,166,32.956666
-9.288338,112,32.979139
-20.931007,177,32.996643
50.630394,1000,33.008382
-70.79022,190,33.018248
-11.248688,217,33.02588
-29.702759,231,33.030109
-7.0963974,175,33.035851
37.190506,1000,33.044119
-3.338211,149,33.044991
-40.72651,142,33.063338
-90.07427,204,33.073202
-126.79227,179,33.082404
-6.1265335,123,33.082899
5.178932,225,33.100783
-79.848564,220,33.105158
-81.967285,192,33.105167
-9.693756,168,33.116035
-53.709587,119,33.119996
8.365997,122,33.139265
-28.951591,200,33.145527
-12.466263,137,33.148293
-1.8738785,242,33.149672
-42.37704,165,33.167558
25.629326,229,36.404771
-28.22895,104,36.406317
-55.29215,227,36.419639
12.106754,1000,36.431271
24.548805,195,36.438719
-101.141464,194,36.439959
-19.878487,147,36.443882
-13.2971115,132,36.482092
-21.017334,234,36.482112
-8.053482,206,36.486913
16.727379,252,36.512937
-35.166565,232,36.513858
-86.22926,146,36.529828
-48.703632,143,36.533306
-25.21811,112,36.550787
-219.962,459,36.554995
-40.719223,132,36.576966
21.649857,195,36.577964
-109.3412,290,36.577974
-15.905617,177,36.588806
-39.892662,124,36.618611
-1.403923,153,36.627647
-43.149143,245,36.636166
-32.20037,200,36.644304
-3.76046,169,36.645177
28.22287,113,36.656763
-46.26421,180,36.687668
39.832657,1000,36.694715
-274.52515,443,36.698183
28.181442,164,36.699593
22.421791,227,36.711095
0.7098923,257,36.728081
-35.490654,227,36.730451
35.775635,140,36.742381
19.399971,161,36.746068
18.868172,211,36.755344
-56.380653,182,36.757462
-42.1693,152,36.759833
42.923023,1000,36.770788
-1.4189758,119,36.79305
-4.048706,148,36.79306
-9.116608,224,36.801577
-38.91301,97,36.82382
-11.966782,231,36.830786
-81.02102,276,36.848006
-72.01019,184,36.852525
-32.28488,191,36.863858
-220.03221,434,36.868271
22.99356,172,36.880654
-4.0102386,225,36.904444
-15.5718,170,37.073071
-72.61334,220,37.073931
-33.83275,205,37.088873
-14.391861,127,37.116465
-12.684982,256,37.159328
-9.47361,211,37.160264
-36.09457,211,37.188134
4.998741,190,40.454593
91.5078,1000,40.456614
13.1317215,241,40.471553
24.284664,1000,40.486404
-78.22392,225,40.547195
-103.97573,277,40.55036
46.15468,1000,40.573155
-201.48941,302,40.589076
81.92585,1000,40.601825
-146.49663,552,40.60566
57.06736,1000,40.625976
-13.607323,278,40.643202
-107.37431,230,40.64923
8.450562,239,40.667349
2.1781158,156,40.676945
-128.30817,241,40.680574
-10.461853,210,40.717739
-206.26825,228,40.717749
59.140137,169,40.722913
0.9940796,177,40.738608
7.648796,282,40.769297
16.357407,173,40.774676
32.104485,1000,40.787387
-63.540268,206,40.790602
-48.00067,226,40.812452
-13.507103,166,40.84105
-23.964317,220,40.846137
-12.112991,184,40.85023
74.64343,1000,40.876548
19.146027,228,40.88672
-35.14604,149,40.895267
-52.198193,219,40.922465
35.53494,1000,40.933245
-8.559761,201,40.943486
-85.69599,263,41.021824
82.34226,1000,41.049884
11.9719925,184,41.08472
31.266708,137,41.096831
41.8623,1000,41.103591
-11.570442,179,44.387266
-9.6525345,209,44.404342
52.98507,1000,44.408635
-6.3182526,154,44.439912
90.54755,1000,44.455897
91.76939,1000,44.464508
0.41508484,185,44.467774
80.983505,1000,44.492189
81.9141,1000,44.513107
-136.03606,247,44.522988
16.753365,239,44.546718
13.624046,181,44.573281
-29.627975,233,44.625875
20.634827,230,44.651651
70.6875,1000,44.653585
6.795891,289,44.725511
46.22093,1000,44.748696
49.024063,149,44.777435
69.2112,1000,44.797514
100.435875,1000,44.806351
49.90151,1000,44.834201
-4.3779526,173,44.856797
135.6196,1000,44.866219
7.492874,175,44.893866
24.12587,260,44.895086
93.80996,1000,44.99641
24.613033,1000,44.99837
-121.68015,409,45.006352
-20.528168,192,45.061749
-0.12017059,186,48.42742
48.756054,1000,48.450302
36.916176,1000,48.478542
25.59787,245,48.50356
43.097626,238,48.530899
59.246063,1000,48.556567
32.336563,246,48.587434
63.707527,1000,48.593618
91.20863,1000,48.594918
13.011208,224,48.669015
10.363419,239,48.675449
89.131905,1000,48.697
35.234512,185,48.738773
25.359673,1000,48.769837
90.8521,1000,48.822366
33.79738,273,48.865772
71.331726,1000,48.877016
35.108322,219,48.899312
30.820328,1000,48.902944
72.7888,1000,48.933665
37.972046,265,48.956265
14.997223,240,49.013544
116.37245,1000,49.014404
-4.8176956,182,49.017617
98.09316,1000,49.041525
54.116043,1000,49.082332
46.79973,264,49.103267
-37.82101,224,52.412704
74.28643,1000,52.47059
-232.65614,389,52.491526
90.46771,1000,52.493091
55.279858,1000,52.496652
25.02385,226,52.571785
-245.75452,383,52.605244
59.549736,1000,52.613224
37.140644,1000,52.61736
69.1808,1000,52.641595
5.8527527,234,52.686702
112.273994,1000,52.761846
105.72203,1000,52.839393
101.092224,1000,52.844384
144.97475,1000,52.91717
115.09331,1000,52.956719
96.86812,1000,52.96058
122.09951,1000,52.984402
79.43413,1000,53.028252
-9.174973,214,53.032894
77.27216,1000,56.447448
119.36048,1000,56.525946
125.71286,1000,56.530828
134.21185,1000,56.619714
95.64343,1000,56.65968
77.19981,1000,56.687906
23.741234,249,56.705604
102.61576,1000,56.732022
99.883804,1000,56.736607
68.73387,1000,56.805622
11.034546,223,56.812895
7.106598,185,56.876387
101.104126,1000,56.884052
42.670223,1000,56.888995
124.030655,1000,57.398417
120.18673,1000,57.428187
95.41155,1000,57.446159
92.21179,1000,57.47281
126.001175,1000,57.548094
88.81271,1000,60.928216
120.220825,1000,60.935845
88.992966,1000,60.940772
99.5421,1000,61.053251
90.6288,1000,61.08196
82.38246,1000,61.100671
90.24674,1000,61.127235
-230.02502,606,61.148223
127.767395,1000,61.200601
103.20468,1000,61.271039
73.97221,1000,61.278821
99.57766,1000,61.397253
116.857704,1000,61.425662
117.165855,1000,61.443499
91.46975,1000,61.469522
131.64436,1000,61.49048
84.08919,1000,61.542256
106.832695,1000,64.963635
31.751862,205,64.964278
124.35522,1000,64.971362
153.94792,1000,65.087782
118.891106,1000,65.116962
144.47621,1000,65.135688
57.50969,1000,65.162459
209.21387,587,65.165296
73.56022,1000,65.183266
155.14183,1000,65.30699
58.998905,1000,65.31456
113.69711,1000,65.434825
108.75867,1000,65.464199
42.73689,1000,65.482481
137.47371,1000,65.50925
130.83748,1000,65.512198
56.026413,189,65.529466
104.02614,1000,65.530993
112.30924,1000,69.019818
125.67972,1000,69.027143
39.492706,266,69.10979
45.262283,247,69.110715
161.7147,1000,69.143496
106.04113,1000,69.188264
116.00512,1000,69.217373
143.36954,1000,69.220538
127.88015,1000,69.238363
156.43184,1000,69.240038
33.919662,226,69.269083
-2.2980423,225,69.31629
98.80555,1000,69.453561
104.54476,1000,69.454505
112.91294,1000,69.488441
95.55297,1000,69.561901
128.96384,1000,69.56497
126.08484,1000,69.582158
167.93219,1000,69.611974
42.641037,228,69.658345
95.08257,1000,69.658881
19.28302,204,69.680262
-3.4841537,250,73.06116
133.31519,1000,73.111841
72.5941,1000,73.112948
157.99036,1000,73.14565
32.998764,221,73.185826
129.0535,1000,73.216173
157.55812,1000,73.218978
36.37175,245,73.301626
95.88826,1000,73.31366
78.45236,1000,73.335341
-6.132683,253,73.386634
114.269035,1000,73.397108
146.84998,1000,73.448737
34.665894,233,73.475997
-240.18773,500,73.482384
157.70091,1000,73.482394
84.11046,1000,73.521806
105.798325,1000,73.55216
143.72743,1000,73.672103
125.650635,1000,77.061947
140.96805,1000,77.124073
107.31074,1000,77.151598
79.38934,1000,77.157986
114.31976,1000,77.157998
139.17818,1000,77.197446
111.509575,1000,77.226998
131.96443,1000,77.346301
87.79339,1000,77.829063
76.31534,1000,77.892268
34.389374,248,77.914264
178.21722,1000,77.919875
140.4962,1000,77.92638
90.6517,1000,77.926403
101.09444,1000,77.967046
158.73506,1000,77.997018
4.3732605,230,78.043847
60.044254,1000,78.116403
33.29172,1000,81.5804
165.04005,1000,81.602635
147.38806,1000,81.608257
136.96259,1000,81.614723
124.18748,1000,81.614732
113.835175,1000,81.684531
34.156765,1000,81.732674
12.068962,195,81.798274
133.52827,1000,81.804512
24.989487,188,81.861285
130.91762,1000,81.918372
82.98212,1000,81.940209
132.97481,1000,81.945908
147.62886,1000,81.952118
147.86229,1000,81.952128
108.489334,1000,82.02079
10.421288,214,82.021743
8.287613,229,82.02682
142.65358,1000,82.144501
159.1232,1000,85.50504
57.351086,1000,85.56421
8.971161,194,85.573639
138.64717,1000,85.586703
133.79832,1000,85.59224
40.7715,223,85.639355
31.689606,226,85.66165
127.80819,1000,85.668415
171.23676,1000,85.669308
113.55309,1000,85.674315
45.891235,209,85.730273
155.71796,1000,85.784803
136.41885,1000,85.90817
113.5957,1000,85.926724
129.76938,1000,85.975256
125.54674,1000,86.005091
150.76312,1000,86.006059
144.16711,1000,86.011327
-107.035614,370,86.052782
139.3058,1000,86.069191
51.271557,1000,86.124465
144.0286,658,86.132046
-108.12799,410,89.541028
125.621086,1000,89.585078
147.23433,1000,89.613975
149.49126,1000,89.61488
166.64732,1000,89.62003
25.824814,221,89.658267
106.782196,1000,89.660434
169.87181,1000,89.677006
130.89389,1000,89.730989
120.37379,1000,89.876236
159.91872,1000,89.949986
131.67142,1000,89.950958
141.48189,1000,89.956221
103.21255,1000,89.995849
173.5901,1000,89.998114
155.7898,1000,90.014323
53.998688,179,90.05783
101.10802,1000,90.069231
132.25964,1000,93.594182
-145.82619,468,93.59554
176.48383,1000,93.667099
121.94539,1000,93.668055
129.24857,1000,93.673403
128.37769,1000,93.713217
28.61373,1000,93.731914
165.19481,1000,93.786765
258.7688,510,93.840427
20.909996,215,93.858922
110.0035,1000,93.931845
173.85094,1000,93.933151
149.18886,1000,94.004308
140.85901,1000,94.010263
162.2949,1000,94.049027
138.025,1000,94.067274
44.595734,198,94.07043
43.15085,258,94.156206
131.06155,1000,94.175707
158.47903,1000,94.194614
142.1625,1000,97.539844
139.74063,1000,97.541217
136.51111,1000,97.622047
92.49924,1000,97.662596
153.66795,1000,97.681305
45.939697,196,97.745904
52.222004,1000,97.769522
146.56631,1000,98.12434
141.88611,1000,98.142799
188.06361,1000,98.215744
122.99643,1000,98.217003
165.80217,1000,98.294404
141.83592,1000,98.334052
220.79785,434,98.363553
-23.639603,204,98.363563
98.51633,1000,98.418365
-4.1489105,184,98.425447
135.26012,1000,98.443023
125.64914,1000,98.461874
137.59195,1000,98.480863
48.517166,202,98.487835
-0.9335556,192,101.906806
140.07797,1000,101.908802
11.592758,236,101.98614
146.99821,1000,102.026832
167.47955,1000,102.056093
58.00598,224,102.101665
164.56525,1000,102.117827
111.61818,1000,102.135127
130.4439,1000,102.153849
5.437607,176,102.161419
158.67741,1000,102.172281
156.59932,1000,102.244203
-323.5362,395,102.292896
110.81416,1000,102.321572
47.050934,189,102.356194
155.3765,1000,102.390746
163.22722,1000,102.452939
158.5359,1000,102.470273
117.27953,1000,102.489407
183.86766,1000,102.507513
141.08006,1000,105.842388
135.46565,1000,105.920571
124.612526,1000,105.956136
223.79416,589,105.969145
78.98302,1000,105.990718
155.5831,1000,106.052186
160.44972,1000,106.069405
149.40028,1000,106.0883
2.536087,215,106.123884
156.13641,1000,106.17875
282.80057,524,106.244014
151.43114,1000,106.25591
157.96887,1000,106.290518
145.37675,1000,106.303359
126.85499,1000,106.324653
149.45381,1000,106.420908
146.08928,1000,106.45837
161.01389,1000,106.513622
141.4317,1000,109.821365
77.619606,1000,109.83339
128.78424,1000,109.867956
153.59044,1000,109.880924
61.70771,1000,109.902531
111.151344,1000,109.999885
109.92857,1000,110.036258
160.41516,1000,110.091752
140.64641,1000,110.157842
106.83431,1000,110.169618
167.93274,1000,110.203846
175.685,1000,110.216539
115.53985,1000,110.238107
139.09074,1000,110.33454
190.24887,1000,110.370868
17.383385,201,110.40197
153.50407,1000,110.42573
129.78918,1000,113.731897
150.23782,1000,113.743675
132.64455,1000,113.777948
140.70412,1000,113.790415
129.61273,1000,113.811953
156.84908,1000,113.949254
261.83185,641,113.949882
269.2459,652,113.965157
129.12534,1000,113.980532
136.55089,1000,114.003732
34.6521,221,114.022752
26.620003,232,114.099588
145.10635,1000,114.114441
154.1667,1000,114.127107
139.78961,1000,114.148641
50.672913,231,114.176738
138.01244,1000,114.282538
161.77562,1000,114.298569
147.33868,1000,114.314145
144.91962,1000,114.337926
263.88574,295,117.668071
141.10307,1000,117.681542
145.84811,1000,117.69452
132.6396,1000,117.716549
132.60703,1000,117.744342
38.42932,231,117.746281
147.0345,1000,118.158385
169.36447,1000,118.174206
144.44011,1000,118.189661
155.3327,1000,118.324164
134.60204,1000,118.336939
157.68631,1000,118.358693
169.80516,1000,118.38622
163.61238,1000,118.388045
160.1533,1000,118.492215
118.68225,1000,118.507976
164.61241,1000,118.523338
132.3828,1000,121.964446
136.6991,1000,121.977126
139.11389,1000,121.998313
147.4299,1000,122.025747
166.0364,1000,122.02759
125.91317,1000,122.130173
140.48457,1000,122.145954
149.51166,1000,122.161547
142.94597,1000,122.295741
149.63942,1000,122.30856
169.51353,1000,122.330316
185.5889,1000,122.358329
138.7286,1000,122.360231
157.60846,1000,122.462664
146.55623,1000,122.478556
129.58478,1000,122.493903
32.34442,177,122.552622
-3.191925,191,125.880701
158.20638,1000,125.893219
154.23561,1000,125.905888
131.48018,1000,125.927848
125.95771,1000,125.955923
139.9771,1000,125.957794
46.85849,217,125.96631
48.942886,216,126.029293
134.31245,1000,126.061682
128.31236,1000,126.077732
248.18846,294,126.129415
229.80363,659,126.17957
127.70664,1000,126.219823
182.20448,1000,126.245825
131.29234,1000,126.267873
36.451187,218,126.294016
84.90778,1000,126.306027
63.229294,213,126.376599
145.75433,1000,126.400611
121.841446,1000,126.416326
32.75981,233,126.453994
171.78616,1000,126.46697
167.23837,713,126.504672
297.0827,784,126.506865
151.48184,1000,126.514811
67.287476,205,126.534753
148.42174,1000,129.902797
154.90971,1000,130.010503
164.75603,1000,130.026673
163.6426,1000,130.064834
267.74222,939,130.097195
165.26259,1000,130.115342
167.60527,1000,130.12517
131.8093,1000,130.14543
31.493515,181,130.1846
262.32193,416,130.23415
162.73439,1000,130.235649
17.285347,188,130.246825
245.19594,752,130.259823
249.27193,476,130.272337
42.47328,230,130.310724
144.67923,1000,130.356414
32.246536,188,130.373176
133.21596,1000,130.394161
125.26855,1000,130.475346
262.83417,903,133.88833
172.04776,1000,133.933654
150.33234,1000,133.946723
196.8145,1000,133.959581
147.90651,1000,134.045142
136.64734,1000,134.061852
174.98352,1000,134.083606
139.12605,1000,134.164252
181.40405,1000,134.222242
286.1624,909,134.236964
248.01852,533,134.260905
161.7078,1000,134.280073
181.26555,1000,134.292697
276.27136,403,134.371724
280.99463,987,134.374938
289.48358,496,134.388261
141.79094,1000,134.395858
180.35075,1000,134.497137
240.30217,872,137.785966
195.57222,1000,137.847991
153.1684,1000,137.860731
282.41302,792,137.869752
137.65508,1000,138.228151
149.18755,1000,138.241809
149.20583,1000,138.249582
117.738396,1000,138.351705
228.3517,619,138.353295
189.86739,1000,138.404836
310.6602,510,138.418556
174.58458,1000,138.467463
162.805,1000,138.489302
279.09497,417,138.565032
149.79094,1000,138.569988
149.8993,1000,138.585033
285.13367,539,138.595765
25.39875,183,138.633739
274.03925,835,138.642719
148.95096,1000,138.696677
278.781,832,142.033954
136.49886,1000,142.119574
158.63033,1000,142.205236
115.60634,1000,142.22357
258.25446,689,142.230713
152.85027,1000,142.234782
165.4244,1000,142.274217
170.15219,1000,142.28379
63.64557,187,142.289589
27.282974,193,142.341157
27.050888,203,142.353851
147.62166,1000,142.399773
163.3017,1000,142.479543
249.52278,730,142.485872
61.641113,1000,142.548372
133.92296,1000,142.572506
158.69383,1000,142.629981
266.9544,887,142.644301
138.66449,1000,142.696096
165.0938,1000,142.742868
166.56813,1000,146.052765
196.86954,534,146.057631
169.73582,1000,146.059178
194.73506,1000,146.122966
160.89827,1000,146.146169
283.58728,398,146.191407
291.77682,799,146.196144
182.5297,1000,146.201181
238.43686,531,146.234264
175.37682,1000,146.308988
241.37921,509,146.371382
158.83127,1000,146.387385
264.35107,456,146.387965
-4.8188705,170,146.428678
252.05595,726,146.435344
91.152534,1000,146.457383
293.45233,469,146.467004
189.79482,1000,146.48041
296.04504,375,146.513436
140.07115,1000,146.532221
259.03543,527,146.612394
279.62555,624,146.638329
135.31154,1000,149.9282
75.47722,1000,149.997591
127.12405,1000,150.007487
165.53839,1000,150.021083
281.2271,531,150.02162
196.32773,1000,150.052929
169.46292,1000,150.07134
145.02184,1000,150.151491
182.6343,794,150.193048
235.1314,345,150.265311
251.53627,897,150.317535
270.22736,960,150.324787
152.91762,1000,150.328549
247.01208,892,150.348213
141.12761,1000,150.351876
29.938446,183,150.387834
149.28651,1000,150.400538
269.66663,535,150.439982
304.8437,559,150.5001
249.93842,979,150.513638
235.72044,522,150.518711
262.15674,514,153.804545
259.84186,397,153.805768
48.318314,176,153.86223
181.43738,1000,153.887663
180.68524,1000,153.91551
36.18811,173,153.94617
138.1502,1000,153.953263
274.83075,630,153.957993
177.9355,1000,154.066253
154.52469,1000,154.084963
273.93774,461,154.109848
172.35754,1000,154.136258
250.7152,563,154.138753
268.7754,309,154.167551
260.6626,713,154.180911
177.77817,1000,154.193005
211.73659,1000,154.245124
295.25635,709,154.3425
142.9674,1000,154.413441
166.74327,1000,157.785056
163.9232,1000,157.787719
251.8771,875,157.789313
171.83078,1000,157.818197
164.44801,1000,158.114883
245.21288,349,158.12156
146.6085,1000,158.168121
187.39172,1000,158.266287
261.18176,418,158.306774
166.55453,1000,158.389508
183.94742,1000,158.39202
179.17627,1000,158.393548
257.2258,460,158.418502
185.78424,1000,158.421269
179.94858,1000,158.446738
180.09377,1000,158.453175
46.864044,196,158.458251
39.686447,206,158.486534
291.7306,644,158.519188
262.50757,263,158.543943
276.00336,822,158.661545
183.36792,1000,158.718154
177.38414,1000,162.035763
161.90683,1000,162.061193
174.2756,1000,162.068392
191.5708,1000,162.102517
177.8212,1000,162.135562
269.19263,614,162.151711
162.20332,1000,162.160555
271.86642,386,162.164694
5.055626,200,162.230126
276.57947,855,162.287831
263.17297,744,162.308691
231.64323,565,162.32293
252.99626,750,162.351197
243.8472,720,162.391395
154.61165,1000,162.401168
31.326233,197,162.456981
267.82544,544,162.470035
239.20276,528,162.485286
174.9514,1000,162.493461
241.60681,567,162.539287
188.33528,1000,162.562692
296.72437,360,162.61223
250.476,930,162.631805
246.35622,460,162.637042
255.45648,349,162.654626
305.61407,763,165.945635
131.82552,1000,165.955757
255.81119,359,165.974039
259.44223,345,165.974885
161.09987,1000,166.010187
149.50775,1000,166.118121
256.50388,762,166.131636
140.86115,1000,166.166952
272.53137,506,166.178878
262.98288,302,166.230861
217.21538,388,166.246217
166.904,1000,166.276563
297.1422,320,166.284631
186.31454,1000,166.286777
164.18349,1000,166.304909
166.29494,1000,166.305812
282.06042,220,166.35642
247.4249,495,166.409789
33.572525,216,166.428854
263.87115,551,166.468378
160.53122,1000,166.497045
203.88847,1000,166.560607
250.81007,428,166.569343
160.45341,1000,169.866445
171.68372,1000,169.894833
156.03482,1000,169.895713
281.11676,430,169.971012
264.19348,333,169.976214
268.4359,258,169.98064
182.02367,1000,169.999326
164.18486,1000,170.05734
186.34242,1000,170.087209
164.07617,1000,170.150891
270.9269,657,170.188785
230.53236,643,170.18932
153.88678,1000,170.225479
145.41776,1000,170.312195
149.54236,1000,170.331177
267.34784,440,170.335251
278.792,342,170.339589
118.45333,1000,170.388519
291.24393,677,170.412132
161.79872,1000,170.417145
261.1351,343,170.442729
264.2428,484,170.470246
171.08528,1000,170.480654
61.496414,236,170.494402
265.17746,350,173.819036
247.79117,254,173.825828
284.38263,995,173.922075
234.53137,294,173.922094
164.76791,1000,173.928189
276.91943,444,173.964736
165.08897,1000,173.978068
188.1218,1000,174.001984
287.05792,827,174.003504
275.70575,335,174.038176
159.95486,1000,174.086493
-425.27518,385,174.093895
306.5062,439,174.149708
50.345474,189,174.15584
290.88568,360,174.158896
266.86584,747,174.169923
266.29092,531,174.178659
161.19655,1000,174.251824
260.04626,324,174.264219
264.00708,404,174.281821
295.7213,615,174.288085
179.40216,1000,174.308114
262.53687,666,174.396592
262.5514,440,174.396602
272.34595,763,174.405402
270.34464,443,174.709234
278.99237,486,177.961331
146.52641,1000,177.991312
47.023193,159,178.014101
262.268,787,178.016848
274.35992,860,178.064054
272.43167,512,178.065493
260.67953,399,178.160067
241.4319,783,178.17244
277.36847,414,178.211501
293.8302,566,178.220498
153.65797,1000,178.237485
135.33539,1000,178.274191
140.26585,1000,178.338729
299.7804,393,178.342292
194.89087,962,178.394227
280.65057,331,178.448238
197.83888,1000,178.493257
284.0158,316,178.498333
52.358078,166,178.503021
167.86267,1000,178.505135
262.4602,843,178.515709
156.24774,1000,178.5501
169.59708,1000,178.603533
235.187,393,178.622097
253.5769,934,178.649368
275.52655,386,181.904043
281.63696,513,181.910725
256.7226,257,181.915072
269.8266,631,181.936869
251.63048,648,181.944402
182.08392,1000,182.052786
257.8564,442,182.082585
272.1797,661,182.094258
237.08868,800,182.174421
186.00987,1000,182.178538
267.07605,728,182.184684
257.5913,382,182.220081
166.89888,1000,182.233934
133.38414,1000,182.24494
245.6054,585,182.275085
311.00458,464,182.32806
300.12103,330,182.329656
257.24524,567,182.36559
174.45384,1000,182.383634
263.80615,386,182.402664
257.99542,372,182.451015
261.74036,499,182.491585
164.85617,1000,182.513601
201.55757,1000,185.772237
241.40054,566,185.779064
163.00735,1000,185.783408
280.20297,534,185.787764
268.71887,222,185.796125
275.93536,354,185.816687
52.48146,228,185.845688
275.5411,999,185.901529
260.56772,409,185.911894
245.10538,251,185.928411
271.18396,358,185.933778
69.279526,168,185.956636
193.03123,1000,185.987465
266.45,279,186.003449
258.76685,833,186.068536
271.87054,407,186.091791
177.7196,1000,186.111871
156.8737,1000,186.116402
300.02173,446,186.135958
244.62607,629,186.141931
284.79767,365,186.189361
236.1665,933,186.236972
264.67206,395,186.242421
257.95526,576,186.306324
255.60931,221,186.310127
309.55188,543,186.321278
131.84445,1000,186.334835
259.39206,468,186.396231
-238.60664,949,186.405115
270.47543,885,186.427865
252.45494,247,189.741467
195.39748,1000,189.75228
292.27716,605,189.766562
283.4249,718,189.775611
293.75854,516,189.799787
277.71075,754,189.802937
30.803345,191,189.830304
216.00754,584,189.83115
156.22807,1000,189.87182
262.62946,617,189.955778
292.1491,429,189.971572
274.76025,338,189.983477
277.49597,571,189.990369
242.46149,700,190.006232
51.052002,193,190.052917
280.61536,350,190.071022
183.89787,1000,190.071646
285.54144,844,190.10835
-89.850006,411,190.119808
130.19148,1000,190.129741
236.00012,395,190.137364
294.57288,538,190.231574
276.92236,853,190.252695
305.31622,610,190.272058
265.49884,499,190.272068
244.55424,548,190.315525
295.72784,302,193.585886
279.14847,374,193.588381
273.87946,879,193.59497
269.40607,278,193.597728
186.19121,1000,193.6807
144.69742,1000,193.690944
250.78247,656,193.721006
270.75195,551,193.76824
301.1243,564,193.779098
260.92963,312,193.783452
297.6237,850,193.828821
298.19147,460,193.841818
305.20435,831,193.869194
259.72696,872,193.871328
245.52751,350,193.89361
249.7532,291,193.99024
262.23657,651,193.99801
255.70442,871,194.00753
260.8756,785,194.027186
237.4366,522,194.041941
257.2346,333,194.101255
253.04219,356,194.125999
67.785675,176,194.424294
167.06163,1000,194.425169
277.34277,888,194.430912
142.6821,1000,194.438284
255.25166,219,194.463452
